"","player_name","player_id","combWoba","combXwoba","combLaunch_angle","combLaunch_speed","combBatted_ball_direction_0","combBatted_ball_direction_1","combBatted_ball_direction_2"
"1","Torii Hunter","116338","0.342750593824228","0.327391923990499","10.0408551068884","87.9684085510689","145","173","103"
"2","David Ortiz","120074","0.435369636963696","0.473807480748075","16.2504950495049","92.9015401540154","409","327","173"
"3","Alex Rodriguez","121347","0.393994525547445","0.425879562043796","11.771897810219","90.8666058394161","209","227","112"
"4","Aramis Ramirez","133380","0.328033898305085","0.339452784503632","15.6808716707022","87.4418886198547","153","158","102"
"5","Adrian Beltre","134181","0.378378410438909","0.384407473309609","13.3362989323843","88.9544483985765","597","656","433"
"6","Carlos Beltran","136860","0.373214228617106","0.360999200639488","13.6356514788169","89.3605915267786","531","458","262"
"7","Jayson Werth","150029","0.361535211267606","0.39062558685446","15.106220657277","90.125234741784","327","299","226"
"8","Michael Cuddyer","150212","0.359736486486486","0.347743243243243","7.77635135135135","87.5932432432433","112","98","86"
"9","A.J. Pierzynski","150229","0.308180134680135","0.327952861952862","9.28771043771044","86.0806397306397","223","224","147"
"10","Jimmy Rollins","276519","0.296686486486486","0.289001801801802","14.0742342342342","84.5533333333333","253","184","118"
"11","Juan Uribe","346874","0.3342805907173","0.362198312236287","10.4099156118143","88.4430379746835","145","215","114"
"12","Ichiro Suzuki","400085","0.284758579881657","0.267530177514793","4.3985798816568","82.1749112426036","220","359","266"
"13","Victor Martinez","400121","0.321842918985776","0.370298082869511","14.447742733457","88.5256029684601","660","565","392"
"14","Chase Utley","400284","0.310332451499118","0.335247795414462","12.0985890652557","87.3669312169312","444","445","245"
"15","Albert Pujols","405395","0.332852851323829","0.37916700610998","13.3575865580448","90.2711812627291","829","756","379"
"16","Marlon Byrd","407781","0.415681614349776","0.389789237668161","12.7367713004484","86.6408071748879","158","160","128"
"17","Matt Holliday","407812","0.373243243243243","0.390235872235872","9.65995085995086","91.1346437346437","260","314","240"
"18","Mark Teixeira","407893","0.377818791946309","0.393355704697987","13.9484899328859","88.9469798657718","300","183","113"
"19","Joe Mauer","408045","0.345251864601262","0.391065978198508","4.44985656913368","89.8830177854274","442","688","613"
"20","Justin Morneau","408047","0.386466216216216","0.354682432432432","9.16013513513514","89.5263513513513","102","114","80"
"21","Miguel Cabrera","408234","0.423254796623177","0.494766692248657","11.8199539524175","93.0169608595549","420","491","392"
"22","Adrian Gonzalez","408236","0.367371141975309","0.393814043209877","12.1474537037037","88.154475308642","481","463","352"
"23","Brandon Phillips","408252","0.337331592689295","0.328201044386423","9.24046997389034","85.523498694517","468","584","480"
"24","Omar Infante","408299","0.271461538461538","0.280704453441296","13.2157894736842","83.6283400809717","200","194","100"
"25","Carl Crawford","408307","0.305804545454545","0.349054545454546","6.40863636363636","88.2440909090909","69","81","70"
"26","Jose Reyes","408314","0.318554675118859","0.288784469096672","13.7310618066561","83.711410459588","489","478","295"
"27","David Ross","424325","0.353773109243697","0.373609243697479","15.4021008403361","85.2533613445378","92","83","63"
"28","Coco Crisp","424825","0.300682634730539","0.305203592814371","12.0736526946108","84.1966067864272","214","168","119"
"29","Jhonny Peralta","425509","0.348109354413702","0.377021080368906","12.9812911725955","87.8527009222661","313","267","179"
"30","Adam LaRoche","425560","0.337124161073825","0.371476510067114","13.4281879194631","89.1838926174497","112","123","63"
"31","Alex Rios","425567","0.315232044198895","0.335066298342541","15.167955801105","88.7475138121547","144","142","76"
"32","James Loney","425766","0.307777777777778","0.321640062597809","12.2957746478873","86.3737089201878","227","218","194"
"33","Jeff Mathis","425772","0.313503512880562","0.308569086651054","13.0686182669789","86.2632318501171","162","162","103"
"34","Shin-Soo Choo","425783","0.398873290136789","0.423948884089273","7.18596112311015","89.332181425486","530","533","326"
"35","Rene Rivera","425784","0.343942549371634","0.377315978456014","14.3561938958707","86.0881508078995","208","187","162"
"36","Jeff Francoeur","425796","0.378331923890063","0.362109936575053","11.3454545454545","87.8090909090909","179","196","98"
"37","Melvin Upton Jr.","425834","0.398725252525253","0.385846464646465","9.47333333333333","87.5745454545455","185","169","141"
"38","Zack Greinke","425844","0.272","0.327155251141553","3.65570776255708","81.589497716895","67","87","65"
"39","Yadier Molina","425877","0.334233751425314","0.348407069555302","12.1466362599772","87.4486887115165","662","642","450"
"40","Dioner Navarro","425900","0.298121827411168","0.310832487309645","16.9827411167513","85.4253807106599","152","148","94"
"41","Prince Fielder","425902","0.344968019680197","0.363713407134071","9.95350553505535","90.1020910209102","282","310","221"
"42","Robinson Cano","429664","0.382520474137931","0.403502155172414","8.29089439655172","90.849838362069","632","765","459"
"43","Edwin Encarnacion","429665","0.412961883408072","0.434599775784753","16.6002242152466","90.067600896861","817","616","351"
"44","J.J. Hardy","429666","0.3055589569161","0.312863945578231","10.1537414965986","87.9451247165533","328","371","183"
"45","Ryan Howard","429667","0.402280797101449","0.48745652173913","15.5653985507246","91.5184782608696","247","205","100"
"46","Franklin Gutierrez","429711","0.470003086419753","0.485305555555556","9.18518518518519","90.9086419753087","124","139","61"
"47","Grady Sizemore","429713","0.346939252336449","0.366626168224299","12.5439252336449","89.188785046729","84","65","65"
"48","Rickie Weeks Jr.","430001","0.38374358974359","0.402222222222222","11.3991452991453","89.0803418803419","82","102","50"
"49","David DeJesus","430203","0.293344537815126","0.316588235294118","12.672268907563","86.8386554621849","86","90","62"
"50","Ryan Raburn","430605","0.440170886075949","0.399629746835443","11.1367088607595","89.3955696202532","123","107","86"
"51","Kelly Johnson","430637","0.369884453781513","0.367207983193277","11.8365546218487","87.2775210084034","184","183","109"
"52","Jose Bautista","430832","0.372580997949419","0.388237867395762","17.0967874231032","90.6902255639098","641","546","276"
"53","Brayan Pena","430910","0.284987220447284","0.27761661341853","6.66900958466454","84.7929712460064","95","136","82"
"54","Adam Jones","430945","0.370743695316521","0.368266598044261","12.639526505404","87.6791559444159","725","735","483"
"55","Erick Aybar","430947","0.293870829769033","0.284076988879384","4.60795551753636","82.7386655260907","429","449","291"
"56","Alberto Callaspo","430948","0.259603015075377","0.2881608040201","12.2085427135678","83.8190954773869","72","74","53"
"57","Aaron Hill","431094","0.295719814241486","0.312735294117647","15.0808049535604","87.4026315789474","262","233","151"
"58","Russell Martin","431145","0.358277183600713","0.367978609625668","8.79429590017825","88.8782531194296","385","449","288"
"59","David Wright","431151","0.410666666666667","0.476521367521368","17.1042735042735","89.3700854700855","78","92","64"
"60","Casey McGehee","431171","0.255605263157895","0.318473684210526","5.57744360902256","88.915037593985","64","125","77"
"61","Andres Blanco","433217","0.361772727272727","0.32895","7.93363636363636","86.3872727272727","154","170","116"
"62","Curtis Granderson","434158","0.388371967654987","0.395036388140162","18.2535040431267","88.1261455525606","658","530","296"
"63","Carlos Ruiz","434563","0.291256360078278","0.334070450097847","11.0831702544031","86.1620352250489","169","187","155"
"64","Geovany Soto","434567","0.396391705069124","0.436663594470046","12.9396313364055","88.6235023041475","80","85","52"
"65","Michael Morse","434604","0.351972677595628","0.42603825136612","2.36885245901639","90.3147540983607","65","64","54"
"66","Angel Pagan","434636","0.324902777777778","0.321361111111111","11.8069444444444","85.9944444444444","300","324","240"
"67","Rajai Davis","434658","0.339109108159393","0.310374762808349","12.0360531309298","85.2738140417457","378","385","291"
"68","Hanley Ramirez","434670","0.379620137299771","0.390209000762777","9.72547673531655","89.9552250190694","453","539","319"
"69","Kendrys Morales","434778","0.386406690140845","0.445","10.1457746478873","92.0207746478873","594","681","429"
"70","Howie Kendrick","435062","0.367698560541914","0.379434377646063","1.9995766299746","89.5330228619814","291","518","372"
"71","Mike Napoli","435063","0.410668058455115","0.41770981210856","18.7237995824635","88.8110647181628","402","354","202"
"72","Bobby Wilson","435064","0.300707774798928","0.308935656836461","10.429490616622","82.1321715817694","174","124","75"
"73","Ian Kinsler","435079","0.346055951169888","0.334966429298067","18.1818921668362","86.0283825025432","784","704","478"
"74","Brian McCann","435263","0.336039900249377","0.346291770573566","17.7306733167082","87.9693266832918","543","429","231"
"75","Skip Schumaker","435401","0.312659793814433","0.33440206185567","5.45360824742268","85.939175257732","68","62","64"
"76","Neil Walker","435522","0.365115555555556","0.377106666666667","15.2372592592593","87.7317037037037","520","507","323"
"77","Kurt Suzuki","435559","0.325453740949316","0.324522928399035","15.6069187449718","86.9800482703138","527","454","262"
"78","Ian Desmond","435622","0.385148407643312","0.355442675159236","2.84350318471338","89.551974522293","435","676","459"
"79","Nelson Cruz","443558","0.465768820391227","0.484270302311796","11.4565500889152","93.4829282750445","599","685","403"
"80","John Jaso","444379","0.361996908809892","0.384129829984544","10.7182380216383","87.074343122102","268","259","120"
"81","Mark Trumbo","444432","0.409550371872887","0.415490872210953","13.0080459770115","91.7237322515213","510","587","382"
"82","David Peralta","444482","0.413601013758146","0.379396089790007","5.84583635047067","90.0666908037654","438","593","350"
"83","Manny Pina","444489","0.363340989399293","0.358378091872792","16.1097173144876","86.1468197879859","207","216","143"
"84","Andre Ethier","444843","0.404572890025576","0.393483375959079","11.4268542199488","86.4544757033248","152","144","95"
"85","Alcides Escobar","444876","0.296264258555133","0.292577946768061","9.50598859315589","83.1319391634981","718","806","580"
"86","Jon Jay","445055","0.330446001648805","0.328077493816983","4.87889530090684","84.3765869744435","357","478","378"
"87","Martin Prado","445988","0.330246422893482","0.330254372019078","8.6248012718601","88.1042925278219","382","520","356"
"88","Lucas Duda","446263","0.412208955223881","0.440029850746269","18.847263681592","90.2766169154229","400","350","255"
"89","Matt Wieters","446308","0.333824790307549","0.358989748369059","14.3615097856477","86.7503261882572","398","393","282"
"90","Evan Longoria","446334","0.374383795309168","0.384183901918977","15.0355010660981","88.8570895522388","716","687","473"
"91","Zack Cozart","446359","0.364135992747053","0.327859474161378","15.2344514959202","85.7142339075249","501","391","211"
"92","Darwin Barney","446381","0.305911231884058","0.289858695652174","10.1476449275362","83.195652173913","201","202","149"
"93","Brandon Guyer","446386","0.345377805486284","0.319932668329177","13.3870324189526","85.5648379052369","323","292","187"
"94","Sean Rodriguez","446481","0.402153558052434","0.379771535580524","11.6048689138577","87.1992509363296","211","191","132"
"95","Jose Lobaton","446653","0.278353293413174","0.360526946107784","9.10419161676647","86.4730538922156","114","126","94"
"96","Mark Reynolds","448602","0.431097607655502","0.388123444976077","13.1073684210526","87.6222009569378","394","402","249"
"97","Chris Davis","448801","0.451917981072555","0.48913880126183","16.1196372239748","90.517665615142","559","434","275"
"98","Mike Aviles","449107","0.262105263157895","0.282736842105263","8.35263157894737","84.8105263157895","150","200","125"
"99","Paulo Orlando","449181","0.356834782608696","0.354313043478261","8.78","87.6756521739131","228","252","210"
"100","Ben Zobrist","450314","0.341255343082115","0.334680539932508","8.68357705286839","88.2411698537683","792","636","350"
"101","Shane Peterson","451089","0.361631578947368","0.356258373205742","8.04688995215311","87.566985645933","67","86","56"
"102","Jim Adduci","451192","0.378457894736842","0.337673684210526","9.47789473684211","86.3621052631579","54","71","65"
"103","Dexter Fowler","451594","0.376352941176471","0.352424521615875","12.4915662650602","87.0178596739901","554","533","324"
"104","Tyler Flowers","452095","0.390413793103448","0.393964328180737","11.8914387633769","90.5193816884661","312","307","222"
"105","Chase Headley","452104","0.35618729903537","0.36767845659164","11.4534565916399","86.6614951768489","474","475","295"
"106","Stephen Drew","452220","0.326549707602339","0.309590643274854","17.1543859649123","86.6653021442495","215","199","99"
"107","Seth Smith","452234","0.375659976387249","0.40870720188902","9.83648170011806","89.5314049586777","310","335","202"
"108","Justin Maxwell","452239","0.336457142857143","0.3444","9.11714285714286","88.04","60","60","55"
"109","Adam Lind","452252","0.38475","0.397167721518987","10.8148734177215","90.3256329113924","321","375","252"
"110","Hunter Pence","452254","0.365876425855513","0.363743346007605","4.66939163498099","89.5593155893536","278","464","310"
"111","Denard Span","452655","0.336154498044329","0.338219035202086","8.66636245110821","85.4930247718383","564","569","401"
"112","Ryan Hanigan","452672","0.304482876712329","0.291294520547945","6.54143835616438","83.9099315068493","99","113","80"
"113","Asdrubal Cabrera","452678","0.378394213381555","0.35975226039783","14.0493670886076","87.9235081374322","746","553","360"
"114","Jacoby Ellsbury","453056","0.322746073298429","0.320834205933682","10.4283595113438","85.9787085514834","419","422","305"
"115","Troy Tulowitzki","453064","0.366374274661509","0.378103481624758","12.6806576402321","89.1147001934236","429","371","234"
"116","Shane Robinson","453203","0.246226537216828","0.249271844660194","8.59611650485437","82.9203883495146","87","139","83"
"117","Chris Johnson","453400","0.356422619047619","0.410247023809524","10.5815476190476","89.4809523809524","119","110","107"
"118","Charlie Blackmon","453568","0.431818001978239","0.386096439169139","13.2131058358061","86.5804154302671","819","728","475"
"119","Gregor Blanco","453923","0.332653696498054","0.310543450064851","11.2581063553826","84.3278858625162","280","272","219"
"120","Todd Frazier","453943","0.375592821782178","0.37960396039604","19.336448019802","88.7024133663366","715","565","336"
"121","A.J. Ellis","454560","0.314770244821092","0.334146892655367","10.9258003766478","86.2809792843691","156","220","155"
"122","Chris Iannetta","455104","0.357405140758874","0.372374541003672","14.7851897184823","89.5359853121175","319","288","210"
"123","Martin Maldonado","455117","0.325404710920771","0.324289079229122","11.0631691648822","84.6713062098501","344","354","236"
"124","Robinson Chirinos","455139","0.422265335235378","0.392808844507846","17.6018544935806","86.5891583452211","340","221","140"
"125","Chris Stewart","455755","0.264484057971015","0.283788405797101","7.1968115942029","83.135652173913","134","129","82"
"126","Chris Young","455759","0.373672106824926","0.330596439169139","19.5373887240356","85.6348664688427","353","204","117"
"127","Nick Markakis","455976","0.34070230105465","0.347175934803452","9.18374880153404","89.4413231064238","603","863","620"
"128","Dustin Pedroia","456030","0.349238794435858","0.32189258114374","8.87928902627512","87.2962905718702","443","487","364"
"129","Welington Castillo","456078","0.411034632034632","0.422017316017316","13.5528138528139","89.3095238095238","370","352","202"
"130","Erik Kratz","456124","0.285629770992366","0.322148854961832","12.8503816793893","88.8309160305344","103","95","64"
"131","Michael Bourn","456422","0.325684294871795","0.308634615384615","5.92147435897436","82.6778846153846","202","257","165"
"132","Eduardo Nunez","456488","0.350433936955064","0.306431924882629","7.1747149564051","87.5391012743125","478","602","411"
"133","Steve Pearce","456665","0.386405162738496","0.378354657687991","15.4896745230079","88.3572390572391","399","305","187"
"134","Billy Butler","456714","0.341092024539877","0.400133435582822","8.71855828220859","89.5240797546012","214","241","197"
"135","Lorenzo Cain","456715","0.380489100055897","0.363862493012856","8.55382895472331","89.3149245388485","536","727","526"
"136","Jarrod Saltalamacchia","457454","0.377140410958904","0.418335616438356","20.1239726027397","89.5575342465753","128","101","63"
"137","Alejandro De Aza","457477","0.348466666666667","0.346772043010753","12.7","84.9333333333333","163","197","105"
"138","Andrew McCutchen","457705","0.393724557522124","0.407800331858407","14.373064159292","89.6912057522124","729","689","390"
"139","Austin Jackson","457706","0.382532224532225","0.365886694386694","9.04594594594595","87.8547817047817","306","395","261"
"140","Justin Upton","457708","0.448143889618922","0.44192444152431","14.8414586070959","90.1814717477004","582","573","367"
"141","Cameron Maybin","457727","0.343887223974763","0.324492113564669","4.10441640378549","86.9258675078864","388","527","353"
"142","Justin Turner","457759","0.403262006079027","0.404289969604863","16.6379331306991","89.5496048632219","587","606","452"
"143","Buster Posey","457763","0.356432084963667","0.375183342649525","10.6173840134153","89.3259921743991","593","687","509"
"144","Desmond Jennings","457775","0.319088495575221","0.318858407079646","7.03318584070796","86.2106194690265","78","95","53"
"145","Danny Espinosa","457787","0.363782442748092","0.345174300254453","11.49631043257","85.2748091603054","361","262","163"
"146","Jay Bruce","457803","0.387157552083333","0.408853515625","16.8369791666667","88.8615234375","652","563","321"
"147","Joey Votto","458015","0.439085484796328","0.445158921399885","12.4806655192197","88.6776821572002","593","641","509"
"148","Chris Coghlan","458085","0.335882838283828","0.340323432343234","9.70247524752475","87.1712871287129","229","216","161"
"149","Colby Rasmus","458675","0.431441358024691","0.416243827160494","17.8515432098765","87.9287037037037","320","205","123"
"150","Brett Gardner","458731","0.341920967741935","0.32720376344086","8.2889247311828","86.0460215053763","575","767","518"
"151","Eric Young Jr.","458913","0.303470085470085","0.288713675213675","0.91965811965812","82.2038461538461","71","109","54"
"152","Michael Saunders","459431","0.40178007518797","0.385357142857143","10.8167293233083","88.5445488721805","195","210","127"
"153","Matt Joyce","459964","0.353828143021915","0.378145328719723","14.7424452133795","87.4911188004614","357","317","193"
"154","Nick Hundley","460026","0.393729437229437","0.366735930735931","12.3588744588745","88.7487012987013","338","340","246"
"155","Cliff Pennington","460060","0.30580044345898","0.316088691796009","11.8607538802661","83.840354767184","161","168","122"
"156","Ryan Braun","460075","0.411210204081633","0.412852380952381","6.23884353741497","90.9013605442177","505","562","403"
"157","Drew Butera","460077","0.315967213114754","0.293011709601874","16.6718969555035","84.0512880562061","157","152","118"
"158","Alex Gordon","460086","0.352256696428571","0.385678571428571","13.4412946428571","87.6042410714286","561","486","297"
"159","Nolan Reimold","460099","0.366049056603774","0.325339622641509","12.6422641509434","86.2060377358491","99","103","63"
"160","Chris Gimenez","460269","0.354243835616438","0.360164383561644","11.292602739726","85.2090410958904","162","126","77"
"161","Carlos Gomez","460576","0.380829396325459","0.36138145231846","12.863167104112","86.0217847769029","424","447","272"
"162","Brandon Moss","461235","0.410437947494033","0.452448687350835","19.7683770883055","88.8107398568019","391","268","179"
"163","Matt Kemp","461314","0.40835072815534","0.431952669902913","12.5281553398058","88.8856796116505","642","624","382"
"164","Will Venable","461416","0.338287822878229","0.314645756457565","2.27416974169742","85.5808118081181","87","109","75"
"165","David Murphy","461815","0.344789308176101","0.315663522012579","7.8503144654088","88.1251572327044","118","125","75"
"166","Trevor Plouffe","461858","0.352142701525055","0.378322440087146","12.5209150326797","89.1532679738562","357","361","200"
"167","Andrew Romine","461865","0.308217391304348","0.307212560386473","6.04074074074074","82.5954911433172","188","244","189"
"168","Elvis Andrus","462101","0.340538095238095","0.3202","8.27190476190476","86.3288888888889","717","735","438"
"169","Gregorio Petit","463610","0.319502164502165","0.319359307359307","9.28484848484849","86.0476190476191","71","94","66"
"170","Francisco Cervelli","465041","0.358551851851852","0.358385185185185","8.28814814814815","87.3674074074074","384","412","284"
"171","Melky Cabrera","466320","0.339795381310419","0.34168850698174","9.59070891514501","89.0262083780881","670","687","505"
"172","Pablo Sandoval","467055","0.319554430379747","0.327807594936709","9.89164556962025","88.7020253164557","232","322","236"
"173","Elian Herrera","467070","0.374032085561497","0.351032085561497","15.703743315508","84.4117647058823","73","50","64"
"174","Wilson Ramos","467092","0.372812154696133","0.392154696132597","4.6939226519337","90.1370165745856","427","518","322"
"175","Carlos Santana","467793","0.347611917098446","0.371722279792746","13.8458549222798","89.210621761658","895","667","368"
"176","Gerardo Parra","467827","0.363858136300417","0.345118219749652","7.15897079276773","85.97719054242","471","577","390"
"177","Miguel Montero","471083","0.340866666666667","0.347613333333333","11.5943333333333","86.878","212","230","158"
"178","Carlos Gonzalez","471865","0.41942492211838","0.381267289719626","7.90492211838006","89.3163862928349","545","689","371"
"179","Luis Valbuena","472528","0.377203092783505","0.385701030927835","16.6957731958763","87.9623711340206","399","329","242"
"180","Hank Conger","474233","0.37458407079646","0.331477876106195","16.6761061946903","87.8300884955752","112","62","52"
"181","Ivan De Jesus Jr.","474443","0.336615625","0.349540625","4.97375","84.73375","87","128","105"
"182","Jordy Mercer","474568","0.323271152564957","0.331606262491672","10.0442371752165","86.3568954030646","546","588","367"
"183","Brandon Belt","474832","0.41679925093633","0.449310112359551","19.8605992509363","87.7747565543071","496","468","371"
"184","Chris Carter","474892","0.442546722454672","0.468629009762901","20.0761506276151","91.3488145048815","281","281","155"
"185","Scott Van Slyke","475100","0.334237918215613","0.362026022304833","16.4323420074349","87.189219330855","119","100","50"
"186","Yonder Alonso","475174","0.357350068775791","0.38117537826685","13.3418844566713","88.1651994497937","534","557","363"
"187","Ryan Flaherty","475247","0.315796909492274","0.313995584988963","6.1560706401766","87.4858719646799","167","173","113"
"188","Justin Smoak","475253","0.418799831791421","0.444746846089151","15.7666105971405","90.0732548359966","474","432","283"
"189","Ryan Zimmerman","475582","0.394546310832025","0.4287284144427","8.25588697017269","91.9577708006279","364","548","362"
"190","Jed Lowrie","476704","0.353713375796178","0.363210191082803","16.3461429582449","88.2531493276716","548","469","396"
"191","Pedro Alvarez","476883","0.425137134052388","0.439100154083205","9.53127889060092","92.0058551617874","278","240","131"
"192","Ezequiel Carrera","485567","0.373928449744463","0.323267461669506","1.52436115843271","82.0538330494037","208","232","147"
"193","Alex Avila","488671","0.41829702970297","0.499790099009901","10.4673267326733","90.5312871287129","186","198","121"
"194","Brandon Barnes","488681","0.342007168458781","0.324967741935484","9.4089605734767","84.8347670250896","93","112","74"
"195","Peter Bourjos","488721","0.350158894645941","0.298737478411054","7.13350604490501","85.0623488773748","204","227","148"
"196","Michael Brantley","488726","0.362249441548771","0.359498138495905","9.20565897244974","89.1323901712584","521","500","322"
"197","Jason Castro","488771","0.370227709190672","0.391310013717421","12.8144032921811","87.820987654321","270","262","197"
"198","Chase d'Arnaud","488818","0.327342465753425","0.292383561643836","13.4821917808219","84.486301369863","100","116","76"
"199","Yunel Escobar","488862","0.346830882352941","0.345952614379085","2.56078431372549","89.1289215686274","361","573","290"
"200","Tuffy Gosewisch","488912","0.243921465968586","0.285497382198953","10.0193717277487","85.9602094240838","73","68","50"
"201","Tyler Moore","489138","0.338849462365591","0.350673835125448","16.4297491039427","88.1007168458781","112","104","63"
"202","Logan Morrison","489149","0.3605392","0.4009568","14.71472","89.04144","529","458","263"
"203","Adam Rosales","489267","0.396044392523364","0.34713785046729","14.5091121495327","87.1490654205607","182","157","89"
"204","Gorkys Hernandez","491676","0.34312","0.336128333333333","9.93966666666667","85.0438333333333","202","237","161"
"205","Jesus Sucre","491696","0.277879818594104","0.300473922902494","10.2292517006803","84.6070294784581","115","190","136"
"206","Norichika Aoki","493114","0.317745779543198","0.27350049652433","2.05660377358491","85.3956305858987","288","395","324"
"207","Dae-Ho Lee","493193","0.386197247706422","0.404738532110092","6.34495412844037","87.4068807339449","68","93","57"
"208","Yoenis Cespedes","493316","0.440142857142857","0.430765133171913","15.36400322841","91.2156577885391","475","485","279"
"209","Yuli Gurriel","493329","0.351786701208981","0.331488773747841","10.9118307426598","89.6120898100173","413","489","256"
"210","Alexei Ramirez","493351","0.287029787234043","0.280157446808511","8.61978723404255","84.4059574468085","358","392","190"
"211","Eric Campbell","493472","0.259397905759162","0.358874345549738","8.00628272251309","87.4973821989529","75","62","54"
"212","Gordon Beckham","493596","0.279914285714286","0.297521428571429","11.8311904761905","85.9540476190476","146","171","103"
"213","Chris Colabello","499624","0.466391003460208","0.424290657439446","9.01764705882353","89.8719723183391","92","120","77"
"214","Yangervis Solarte","500208","0.330572130141191","0.319579496623696","13.065561694291","87.0610190300798","641","636","352"
"215","Miguel Rojas","500743","0.30132135523614","0.301535934291581","7.06129363449692","83.5362422997947","270","409","295"
"216","Eduardo Escobar","500871","0.370028011204482","0.362166666666667","16.4651260504202","86.1848039215686","527","537","364"
"217","Jose Martinez","500874","0.41530977443609","0.454615037593985","8.75233082706767","90.5177443609023","185","273","207"
"218","Ehire Adrianza","501303","0.321440217391304","0.301445652173913","12.7771739130435","83.2233695652174","243","189","120"
"219","Juan Lagares","501571","0.332667556742323","0.314642189586115","8.54552736982643","87.3571428571429","214","314","221"
"220","Abraham Almonte","501659","0.337338129496403","0.352057553956835","5.28489208633094","86.5942446043165","188","240","128"
"221","David Freese","501896","0.403638793103448","0.407962068965517","4.65603448275862","89.8650862068966","323","488","349"
"222","Khris Davis","501981","0.465498969072165","0.488319587628866","14.5585567010309","91.6418556701031","501","597","357"
"223","Tommy Pham","502054","0.452809843400447","0.44817225950783","6.63266219239374","91.1852348993289","268","398","228"
"224","Lonnie Chisenhall","502082","0.369424688561721","0.340869762174405","16.7733861834655","85.3181200453001","325","325","233"
"225","Alex Presley","502100","0.347514851485149","0.340237623762376","8.74752475247525","85.1089108910891","108","105","90"
"226","J.D. Martinez","502110","0.515904915912031","0.52745148771022","13.6244501940492","91.6900388098318","565","561","420"
"227","Danny Valencia","502143","0.397520958083832","0.400579127459367","8.64388366124893","89.9618477331052","421","482","266"
"228","Josh Reddick","502210","0.346686496133254","0.33638251041047","15.9393218322427","86.9901844140393","609","610","462"
"229","Jarrod Dyson","502481","0.297896174863388","0.276790163934426","4.65180327868852","80.5296174863388","314","370","231"
"230","Daniel Murphy","502517","0.395065241844769","0.394583802024747","15.6064679415073","89.6136107986502","661","620","497"
"231","Shawn O'Malley","502523","0.33431693989071","0.265972677595628","3.45573770491803","78.6131147540983","65","65","53"
"232","Paul Goldschmidt","502671","0.478962507322788","0.461718219097833","12.8826596367897","91.3053895723492","586","662","459"
"233","Marwin Gonzalez","503556","0.391411157024793","0.359764462809917","9.36859504132231","86.8820247933884","591","567","294"
"234","Alexi Amarista","506560","0.275801904761905","0.279220952380952","9.64628571428571","84.7001904761905","150","226","149"
"235","Sandy Leon","506702","0.33436","0.31748","13.0735714285714","83.3817142857143","278","251","171"
"236","Jose Altuve","514888","0.397982573726542","0.361639857015192","10.0384271671135","86.3170688114388","848","927","463"
"237","Ruben Tejada","514913","0.294635555555556","0.33292","12.148","84.548","148","156","146"
"238","Cesar Hernandez","514917","0.361591748768473","0.325011699507389","4.53885467980296","83.9304187192118","540","631","453"
"239","Jean Segura","516416","0.358643469490671","0.327538073625819","6.26177508825013","87.2778618255169","548","830","605"
"240","Starlin Castro","516770","0.360026878771256","0.350317608337905","7.79040043883708","87.571146461876","664","761","398"
"241","Starling Marte","516782","0.388270096463023","0.371042443729904","7.18218649517685","85.9839871382637","568","592","395"
"242","Jose Pirela","517369","0.346008746355685","0.331897959183673","4.72244897959184","88.4148688046647","206","304","176"
"243","Jimmy Paredes","517370","0.403010928961749","0.378857923497268","6.99098360655738","89.4489071038251","157","122","87"
"244","Juan Centeno","518542","0.314106194690266","0.318672566371681","5.74557522123894","83.9747787610619","70","89","67"
"245","Christian Colon","518568","0.285003984063745","0.262577689243028","5.87609561752988","84.0752988047809","78","98","75"
"246","Charlie Culberson","518586","0.41480198019802","0.325386138613861","7.34950495049505","84.8","105","111","87"
"247","Travis d'Arnaud","518595","0.346078697421981","0.339602442333786","13.196065128901","88.2989145183175","241","294","202"
"248","Daniel Descalso","518614","0.365256470588235","0.349985882352941","13.6570588235294","87.4447058823529","347","315","188"
"249","Derek Dietrich","518618","0.388930212014134","0.373324204946996","15.3499116607774","86.5140459363957","438","417","277"
"250","Josh Donaldson","518626","0.447891763104152","0.443132743362832","12.554322668482","91.630905377808","567","562","340"
"251","Freddie Freeman","518692","0.457021943573668","0.480761755485893","15.4799373040752","90.1181818181818","585","575","435"
"252","Yasmani Grandal","518735","0.39670510708402","0.393810543657331","12.5031301482702","89.2617792421746","472","464","278"
"253","Jason Heyward","518792","0.323692307692308","0.324842074592075","9.14055944055944","87.5310023310023","707","606","403"
"254","DJ LeMahieu","518934","0.37065641025641","0.369134358974359","3.84482051282051","90.0189743589744","406","842","702"
"255","Jonathan Lucroy","518960","0.335293956043956","0.352252747252747","11.7144917582418","86.9613324175824","436","577","443"
"256","Devin Mesoraco","519023","0.305142091152815","0.311847184986595","18.0689008042895","84.8573726541555","180","128","65"
"257","Will Middlebrooks","519025","0.312101265822785","0.366210970464135","14.7472573839662","88.7118143459916","77","94","66"
"258","Mitch Moreland","519048","0.383588235294118","0.434274740484429","12.3478200692042","90.3592387543253","556","558","331"
"259","Mike Moustakas","519058","0.366453183520599","0.375101123595506","16.950936329588","88.5598002496879","638","572","392"
"260","Derek Norris","519083","0.346795994993742","0.340300375469337","16.6822277847309","87.3549436795995","324","284","191"
"261","Ben Revere","519184","0.29419587628866","0.28535824742268","3.84561855670103","82.0981958762887","363","510","291"
"262","Anthony Rizzo","519203","0.39093862640039","0.396584510472479","15.9513395031661","88.7401363857769","864","746","443"
"263","Clint Robinson","519208","0.333420187793427","0.355368544600939","12.1392018779343","88.7387323943662","155","175","96"
"264","Austin Romine","519222","0.327228915662651","0.343303212851406","8.06265060240964","86.5146586345381","121","217","160"
"265","Cameron Rupp","519237","0.397902883156297","0.404681335356601","10.4254931714719","89.687253414264","215","261","183"
"266","Jake Smolinski","519295","0.287806526806527","0.325025641025641","13.2755244755245","87.4114219114219","190","140","99"
"267","Eric Sogard","519299","0.279577235772358","0.301541463414634","11.8443902439024","83.9717073170732","206","239","170"
"268","Steven Souza Jr.","519306","0.424166175024582","0.408493608652901","12.7581120943953","88.3571288102262","436","363","218"
"269","Giancarlo Stanton","519317","0.495515425131678","0.479597441685478","12.3550037622272","93.4683972911964","511","517","301"
"270","Matt Szczur","519333","0.320719128329298","0.284021791767554","14.0016949152542","83.2484261501211","145","151","117"
"271","Eric Thames","519346","0.481767543859649","0.444236842105263","14.9004385964912","89.0289473684211","178","164","114"
"272","Stephen Vogt","519390","0.348975806451613","0.349600806451613","17.620564516129","86.1012096774193","364","348","280"
"273","Freddy Galvis","520471","0.335855256207079","0.315617010036978","12.740676175383","85.486529318542","678","703","512"
"274","Salvador Perez","521692","0.366291469194313","0.382579383886256","16.9921800947867","88.9157582938389","760","598","330"
"275","Logan Forsythe","523253","0.357740873299928","0.3566170365068","13.0293486041518","88.6515390121689","486","526","385"
"276","Wilmer Flores","527038","0.339863235294118","0.322491176470588","16.0148529411765","86.5118382352941","496","499","365"
"277","Jefry Marte","527043","0.343709233791749","0.344055009823183","9.27563850687623","87.6457760314342","241","170","98"
"278","Daniel Nava","537953","0.314757746478873","0.358107042253521","12.2495774647887","87.523661971831","137","119","99"
"279","Avisail Garcia","541645","0.392263195950832","0.403187997107737","7.09761388286334","89.6733911785973","476","594","313"
"280","Hernan Perez","541650","0.349474605954466","0.329466725043783","10.6409807355517","86.1608581436077","385","446","311"
"281","Christian Bethancourt","542194","0.314003773584906","0.337875471698113","10.5222641509434","87.7550943396226","109","96","60"
"282","Carlos Perez","542208","0.284747058823529","0.290229411764706","13.3111764705882","83.8641176470588","180","189","141"
"283","Ender Inciarte","542255","0.336393523061825","0.293695289499509","7.8360157016683","83.2052502453386","632","787","619"
"284","Marcell Ozuna","542303","0.397355504587156","0.406428325688073","10.0327408256881","91.1465596330275","603","723","418"
"285","Jonathan Villar","542340","0.408323792486583","0.353977638640429","2.58345259391771","87.5655635062612","353","482","283"
"286","Rafael Ortega","542364","0.260658181818182","0.290127272727273","7.952","84.2025454545455","97","104","74"
"287","Cristhian Adames","542436","0.275623376623377","0.279030303030303","2.41255411255411","83.034632034632","74","94","63"
"288","Danny Santana","542454","0.306114285714286","0.307695238095238","3.97847619047619","84.2619047619048","188","191","146"
"289","Jesus Aguilar","542583","0.467249146757679","0.451941979522184","14.3655290102389","89.4597269624574","227","228","131"
"290","Jett Bandy","542908","0.324545722713864","0.330165191740413","20.4035398230088","85.6805309734513","157","110","72"
"291","Tim Beckham","542921","0.409794956140351","0.389725877192982","9.07423245614035","87.3520833333333","370","345","197"
"292","Keon Broxton","542979","0.46072397094431","0.434794188861986","8.22348668280872","87.6227602905569","144","155","114"
"293","Billy Burns","542993","0.313819807427785","0.255092159559835","6.19697386519945","81.6691884456671","208","276","243"
"294","Brandon Crawford","543063","0.365194890077243","0.375224598930481","10.6680332739156","88.1387403446227","592","632","459"
"295","C.J. Cron","543068","0.398452131938858","0.408114239742558","14.335961383749","88.6412711182623","457","469","317"
"296","Alex Dickerson","543105","0.357953703703704","0.370319444444444","15.5361111111111","88.4763888888889","87","74","55"
"297","Johnny Giavotella","543213","0.307680384087792","0.300042524005487","8.89986282578875","84.703840877915","235","298","196"
"298","Conor Gillaspie","543216","0.31652380952381","0.328539682539683","11.1761904761905","87.4873015873016","182","154","105"
"299","Yan Gomes","543228","0.368030272452069","0.378035317860747","17.2085771947528","87.5434914228053","376","366","249"
"300","Anthony Gose","543238","0.382035443037975","0.326521518987342","4.76075949367089","85.7946835443038","124","141","130"
"301","Robbie Grossman","543257","0.360270903010033","0.344496098104794","13.0173913043478","86.0460423634337","322","335","240"
"302","Josh Harrison","543281","0.342160848733744","0.316358658453114","13.2264202600958","84.9079397672827","568","508","385"
"303","Chris Herrmann","543302","0.35710103626943","0.370046632124352","11.4839378238342","88.5199481865285","132","157","97"
"304","Aaron Hicks","543305","0.352530190239868","0.359778329197684","11.3607113316791","87.713482216708","455","469","285"
"305","John Hicks","543308","0.395095375722543","0.381589595375723","11.9040462427746","86.7456647398844","129","127","90"
"306","Eric Hosmer","543333","0.383520781171758","0.384543815723585","3.13475212819229","89.7510265398097","623","769","605"
"307","Caleb Joseph","543376","0.327118918918919","0.345489189189189","12.7587837837838","85.41","247","286","207"
"308","Jason Kipnis","543401","0.370675882352941","0.373143529411765","13.5792352941176","87.6631176470588","599","659","442"
"309","Brett Lawrie","543434","0.389067365269461","0.363989520958084","10.550748502994","89.2934131736527","233","272","163"
"310","Mikie Mahtook","543484","0.382848","0.3738704","12.7568","88.54448","237","244","144"
"311","James McCann","543510","0.348303964757709","0.375481938325991","13.4784140969163","87.2191189427313","394","430","311"
"312","Brad Miller","543543","0.381403183023873","0.379084880636605","10.1618921308576","89.6689655172414","382","431","318"
"313","Kirk Nieuwenhuis","543590","0.401650847457627","0.415389830508475","9.29627118644068","89.7789830508475","121","105","69"
"314","Anthony Rendon","543685","0.388940740740741","0.389392592592593","16.4832098765432","90.2861728395062","600","556","464"
"315","Marcus Semien","543760","0.359835582822086","0.34278773006135","15.0126380368098","87.0757055214724","648","590","392"
"316","Travis Shaw","543768","0.405286988847584","0.389088475836431","15.5776951672862","88.3988847583643","541","474","330"
"317","JB Shuck","543776","0.249053571428571","0.242982142857143","5.01785714285714","83.5142857142857","152","184","112"
"318","George Springer","543807","0.417354970760234","0.418549707602339","9.21777777777778","89.1315789473684","589","688","433"
"319","Dee Gordon","543829","0.337940987124464","0.274884120171674","0.96818669527897","80.3925429184549","470","819","575"
"320","Christian Vazquez","543877","0.311163009404389","0.322774294670846","8.32288401253918","86.3884012539185","176","266","196"
"321","Kolten Wong","543939","0.327598360655738","0.3180782414307","9.29180327868852","85.803129657228","497","516","329"
"322","Didi Gregorius","544369","0.351861780104712","0.306809947643979","14.1407329842932","85.1912565445026","687","733","490"
"323","Leury Garcia","544725","0.373523305084746","0.337947033898305","3.73495762711864","84.9762711864407","139","204","129"
"324","Nick Franklin","545338","0.328957894736842","0.328456140350877","13.1750877192982","85.0501754385965","106","108","71"
"325","Randal Grichuk","545341","0.453356756756757","0.44274054054054","16.7889189189189","90.7959459459459","507","366","237"
"326","Jake Marisnick","545350","0.391171662125341","0.351888283378747","12.5446866485014","84.0476839237057","282","242","210"
"327","Mike Trout","545361","0.502958831341301","0.491362549800797","15.6466799468791","91.0704515272244","560","561","385"
"328","Odubel Herrera","546318","0.392674109837055","0.344524441762221","9.25250452625226","86.6544357272179","525","607","525"
"329","Albert Almora Jr.","546991","0.357186827956989","0.323638440860215","7.57741935483871","86.0362903225807","259","272","213"
"330","Nicky Delmonico","547170","0.362542857142857","0.338136507936508","13.2755555555556","85.3574603174603","118","117","80"
"331","Tony Wolters","547172","0.30269341563786","0.282100823045268","4.83827160493827","83.2897119341564","161","194","131"
"332","Bryce Harper","547180","0.458503263707572","0.437868146214099","14.1242819843342","90.059725848564","578","579","375"
"333","Roberto Perez","547379","0.342738181818182","0.373563636363636","4.64618181818182","86.3065454545454","164","254","132"
"334","Hyun Soo Kim","547957","0.331754098360656","0.364229508196721","6.99063231850117","89.1857142857143","154","146","127"
"335","Leonys Martin","547982","0.341121951219512","0.341162248144221","11.128525980912","85.5401908801697","391","342","210"
"336","Jose Abreu","547989","0.416882165605096","0.416455414012739","10.9217622080679","90.5084925690021","650","740","494"
"337","Elias Diaz","553869","0.330318918918919","0.345956756756757","8.80054054054054","88.152972972973","114","152","104"
"338","Omar Narvaez","553882","0.346928433268859","0.330810444874275","12.3599613152805","84.0736943907157","169","189","159"
"339","Dixon Machado","553988","0.277053191489362","0.305558510638298","7.36223404255319","84.0489361702128","143","153","80"
"340","Eugenio Suarez","553993","0.415720945945946","0.398441216216216","14.7438513513514","87.9306756756757","569","541","370"
"341","Dustin Ackley","554429","0.297716535433071","0.341181102362205","11.8807086614173","88.8992125984252","95","103","56"
"342","Gregory Polanco","570256","0.365085732565579","0.36364619321817","13.7301983365323","88.5906589891235","644","546","373"
"343","Domingo Santana","570267","0.474288203753351","0.462982573726542","10.0477211796247","89.7160857908847","249","295","202"
"344","Gio Urshela","570482","0.288467532467532","0.329464935064935","12.5924675324675","86.8857142857143","112","173","100"
"345","Yolmer Sanchez","570560","0.334897736143638","0.315644028103044","8.62677595628415","84.6765027322404","410","500","371"
"346","Ramon Flores","570717","0.248421276595745","0.284523404255319","9.03829787234043","83.5706382978723","87","78","70"
"347","Jonathan Schoop","570731","0.397968112244898","0.370483418367347","12.0466198979592","87.5460459183674","643","571","354"
"348","Christian Villanueva","570799","0.429933333333333","0.371888888888889","19.5777777777778","86.5511111111111","132","84","54"
"349","Matt Adams","571431","0.404304038004751","0.407971496437055","16.9384798099762","88.9308788598575","330","318","194"
"350","Aaron Altherr","571437","0.395294930875576","0.38778955453149","9.9605222734255","89.5258064516129","228","245","178"
"351","Nolan Arenado","571448","0.437430323846909","0.395162904808636","16.8869479882237","89.6374386653582","783","780","475"
"352","Tucker Barnhart","571466","0.329997485331098","0.332180217937971","9.46865046102263","85.2972338642079","452","443","298"
"353","Justin Bour","571506","0.407768888888889","0.416111111111111","9.53333333333333","89.9937777777778","435","455","235"
"354","Matt Davidson","571602","0.445102466793169","0.454407969639469","15.6654648956357","89.5239089184061","198","195","134"
"355","Scooter Gennett","571697","0.401137086092715","0.34472119205298","12.1933112582781","86.1200662251656","533","545","432"
"356","Brian Goodwin","571718","0.421223974763407","0.403391167192429","12.0735015772871","87.8454258675079","127","112","78"
"357","Billy Hamilton","571740","0.312126900198282","0.270115664243225","9.16351619299405","79.2312623925975","502","585","426"
"358","Mitch Haniger","571745","0.423278527607362","0.410272392638037","12.1180368098159","89.4276073619632","320","326","169"
"359","Enrique Hernandez","571771","0.366726293103448","0.360831896551724","13.5689655172414","88.5196120689655","368","350","210"
"360","Brock Holt","571788","0.347807692307692","0.32242004048583","6.53168016194332","86.0457489878542","333","379","276"
"361","Tommy Joseph","571830","0.38940325203252","0.397134959349594","15.0505691056911","89.490081300813","242","234","139"
"362","Jake Lamb","571875","0.408727040816326","0.412482993197279","10.553231292517","89.4829931972789","467","420","289"
"363","Luke Maile","571912","0.319832369942197","0.323219653179191","11.7965317919075","87.2367052023122","144","127","75"
"364","Deven Marrero","571918","0.308056603773585","0.334594339622642","2.82264150943396","84.7792452830189","56","90","66"
"365","Max Muncy","571970","0.439350220264317","0.432693832599119","15.9460352422907","88.7339207048458","195","144","115"
"366","John Ryan Murphy","571974","0.340573170731707","0.35140243902439","14.9512195121951","87.2219512195122","120","116","92"
"367","Wil Myers","571976","0.411297473512632","0.404685411572942","11.3572127139364","88.9942135289324","486","485","256"
"368","Tyler Naquin","571980","0.439381818181818","0.408236363636364","7.60935064935065","88.9890909090909","118","155","112"
"369","Chris Owings","572008","0.345852124183007","0.331723039215686","10.5523692810458","86.0456699346405","391","477","356"
"370","Ben Paulsen","572019","0.407930463576159","0.375529801324503","10.014238410596","87.8658940397351","111","109","82"
"371","Josh Phegley","572033","0.329796766743649","0.321242494226328","16.4598152424942","85.7133949191686","161","156","116"
"372","Stephen Piscotty","572039","0.397236131934033","0.405891304347826","12.4086206896552","88.1372563718141","486","491","357"
"373","A.J. Pollock","572041","0.390431435445068","0.369970328789094","9.90048115477145","88.417562149158","486","498","263"
"374","Joey Rickard","572073","0.347257495590829","0.308557319223986","14.0171075837742","83.5022927689594","227","204","136"
"375","Ryan Schimpf","572114","0.461369963369963","0.431761904761905","29.9340659340659","88.5190476190476","115","89","69"
"376","Kyle Seager","572122","0.364062274832733","0.391516212043232","17.818013381369","89.1491507977355","776","703","464"
"377","Michael A. Taylor","572191","0.407015353121801","0.384778915046059","8.38034800409416","86.6186284544524","389","367","221"
"378","Trayce Thompson","572204","0.359908602150538","0.382784946236559","11.0518817204301","87.4951612903226","166","125","81"
"379","Mike Zunino","572287","0.431814578005115","0.431268542199489","19.593094629156","88.9235294117647","371","257","154"
"380","Ryan Goins","572365","0.313813901345291","0.303780269058296","5.56390134529148","85.1636771300448","254","376","262"
"381","Matt Carpenter","572761","0.42274125","0.44972625","19.00075","89.2519375","711","550","339"
"382","Corey Dickerson","572816","0.416","0.393152974504249","15.228045325779","88.186402266289","444","528","440"
"383","Brian Dozier","572821","0.387368198626519","0.350872688853671","17.9936608557845","87.1775488642367","946","640","307"
"384","Tyler Saladino","573135","0.319391796322489","0.312881188118812","9.64413012729844","85.5541725601131","266","276","165"
"385","Kennys Vargas","573627","0.420780104712042","0.407905759162304","10.948167539267","87.8952879581152","142","148","92"
"386","Willson Contreras","575929","0.40174145785877","0.373047835990888","6.11332574031891","87.1906605922551","325","342","211"
"387","Jedd Gyorko","576397","0.385219512195122","0.37810162601626","14.9373983739837","87.5617886178862","490","445","295"
"388","Jose Iglesias","578428","0.305569461827284","0.274254067584481","7.68147684605757","82.9276595744681","550","604","444"
"389","Devon Travis","581527","0.371068062827225","0.371744502617801","9.57958115183246","87.4320418848168","300","354","301"
"390","Adeiny Hechavarria","588751","0.311407982261641","0.320266075388027","8.51862527716186","86.8073170731707","378","543","432"
"391","Ronald Torreyes","591720","0.321530451866405","0.271082514734774","7.3007858546169","81.7481335952849","185","201","123"
"392","Jose Osuna","591741","0.332452107279694","0.345873563218391","8.19616858237548","87.7873563218391","86","85","90"
"393","Tyler Austin","592122","0.480803571428571","0.489607142857143","14.6589285714286","88.9803571428571","80","84","60"
"394","Kris Bryant","592178","0.460471674876847","0.433708743842365","18.7889778325123","88.1166871921182","689","602","333"
"395","Mark Canha","592192","0.373067708333333","0.370947916666667","15.1317708333333","88.3697916666667","306","280","182"
"396","Curt Casali","592200","0.405084084084084","0.369","16.6153153153153","86.4357357357357","157","103","73"
"397","Nicholas Castellanos","592206","0.420718768859384","0.452023536511768","15.5947495473748","89.109656004828","608","613","436"
"398","Kaleb Cowart","592230","0.292432203389831","0.316025423728814","11.9673728813559","85.9300847457627","79","106","51"
"399","Delino DeShields","592261","0.335548698167792","0.272793635486982","5.58621022179363","80.8823529411765","325","410","302"
"400","Brandon Drury","592273","0.376342298288509","0.370430317848411","8.1578239608802","88.3272616136919","321","294","203"
"401","Ben Gamel","592325","0.368818619582665","0.346760834670947","9.19101123595506","86.9662921348315","207","231","185"
"402","Niko Goodrum","592348","0.398940809968847","0.374610591900312","10.8096573208723","87.5679127725857","113","116","92"
"403","Ryon Healy","592387","0.393566147859922","0.404992217898833","12.4879377431907","88.6594357976654","376","417","235"
"404","Bryan Holaday","592407","0.294638513513514","0.294405405405405","18.027027027027","83.7709459459459","127","99","70"
"405","JaCoby Jones","592444","0.356264397905759","0.37782722513089","11.2078534031414","87.6861256544503","154","143","85"
"406","Aaron Judge","592450","0.564048245614035","0.578394736842105","14.3780701754386","94.8214912280702","270","237","177"
"407","Manny Machado","592518","0.401852981969487","0.407274618585298","13.7817383263985","90.7553398058252","811","833","519"
"408","Colin Moran","592567","0.355904109589041","0.377087671232877","10.4838356164384","88.0402739726027","135","123","107"
"409","Jarrett Parker","592620","0.460156950672646","0.437408071748879","9.16143497757847","87.1121076233184","79","92","52"
"410","Joc Pederson","592626","0.409835314091681","0.401517826825127","13.686078098472","90.5585738539898","468","444","266"
"411","J.T. Realmuto","592663","0.377213299874529","0.364639899623588","10.6046424090339","88.5062107904642","609","612","373"
"412","Hunter Renfroe","592669","0.429815748031496","0.406022047244095","16.7776377952756","88.9308661417323","282","233","120"
"413","Eddie Rosario","592696","0.404399198931909","0.355068090787717","13.9686248331108","86.915821094793","537","611","350"
"414","Andrelton Simmons","592743","0.311812403895438","0.307468477703742","5.7308047155305","86.3521271143004","717","818","416"
"415","Andrew Toles","592808","0.396024630541872","0.383354679802956","7.44285714285714","87.3625615763547","63","85","55"
"416","Christian Yelich","592885","0.427555934128336","0.42700624645088","3.12089721749006","91.5023850085179","518","762","481"
"417","Whit Merrifield","593160","0.374337519623234","0.357358712715856","15.4385400313972","86.8528257456829","398","473","403"
"418","Xander Bogaerts","593428","0.380833166332665","0.341240480961924","9.4564128256513","88.5911322645291","697","794","505"
"419","Daniel Castro","593495","0.247349344978166","0.240362445414847","5.22139737991266","81.8737991266376","67","95","67"
"420","Jorge Bonifacio","593528","0.389475862068966","0.403937931034483","16.1393103448276","86.7142528735632","164","168","103"
"421","Alen Hanson","593700","0.338018867924528","0.276323113207547","11.5790094339623","83.1167452830189","174","157","93"
"422","Jorge Polanco","593871","0.350620181405896","0.320814058956916","14.9988662131519","84.3578231292517","335","325","222"
"423","Miguel Sano","593934","0.512013268998794","0.490844390832328","14.8572979493365","92.2548854041013","311","326","192"
"424","Rosell Herrera","594011","0.2949375","0.306392857142857","2.21473214285714","87.0995535714286","76","93","55"
"425","Wilmer Difo","594694","0.323399390243902","0.312170731707317","8.30609756097561","82.869512195122","234","252","170"
"426","Kole Calhoun","594777","0.360105802047782","0.387127417519909","12.5610921501706","88.3623435722412","692","644","422"
"427","Jacob deGrom","594798","0.232673796791444","0.266614973262032","0.364705882352941","78.1973262032086","62","64","61"
"428","Adam Duvall","594807","0.404032743362832","0.404302654867257","20.7145132743363","88.256017699115","523","356","251"
"429","Adam Eaton","594809","0.381209616829452","0.33440871525169","5.37092411720511","86.4779864763336","372","508","451"
"430","Greg Garcia","594824","0.325641711229947","0.326221033868093","6.96417112299465","82.9008912655972","171","223","167"
"431","Evan Gattis","594828","0.381431965442765","0.366183585313175","14.1356371490281","88.4267818574514","573","519","297"
"432","Phil Gosselin","594838","0.339352024922118","0.312869158878505","6.74018691588785","85.4529595015576","74","141","106"
"433","Daniel Palka","594953","0.48","0.445924242424242","11.5318181818182","92.3590909090909","110","102","52"
"434","Scott Schebler","594988","0.395658109684947","0.406374562427071","9.15694282380397","89.4421236872812","341","330","186"
"435","Kevin Kiermaier","595281","0.362195318805488","0.324439063761098","8.89798224374496","86.1822437449556","452","498","289"
"436","Andrew Knapp","595284","0.374987012987013","0.38347619047619","8.55714285714286","88.2463203463203","79","101","51"
"437","JT Riddle","595375","0.324776744186047","0.329641860465116","6.3953488372093","85.9325581395349","152","168","110"
"438","Jorge Alfaro","595751","0.474723183391003","0.426961937716263","7.88131487889273","90.177508650519","74","121","94"
"439","Jurickson Profar","595777","0.336243204577969","0.32177539341917","10.574678111588","86.6027181688126","273","235","191"
"440","Javier Baez","595879","0.445129296235679","0.394978723404255","10.2837152209493","87.826022913257","466","469","287"
"441","Greg Bird","595885","0.389720183486239","0.410488532110092","20.3213302752294","89.256880733945","191","143","102"
"442","Austin Hedges","595978","0.349518151815182","0.333250825082508","15.5620462046205","86.6064356435644","235","235","136"
"443","Francisco Lindor","596019","0.383669733656174","0.376438256658596","10.4743341404358","88.7756900726392","752","762","551"
"444","Rougned Odor","596059","0.378239879154079","0.357816918429003","12.9709365558912","87.9510574018127","718","614","323"
"445","Austin Slater","596103","0.374365296803653","0.321534246575342","2.04657534246575","87.1694063926941","54","86","79"
"446","Trevor Story","596115","0.496073485600794","0.447495531281033","16.9211519364449","89.9956305858987","378","385","244"
"447","Blake Swihart","596119","0.367595477386935","0.344685929648241","10.9766331658291","86.16608040201","137","155","106"
"448","Gary Sanchez","596142","0.430832480818414","0.458804347826087","12.3664961636829","90.9076726342711","355","303","124"
"449","Luis Sardinas","596143","0.28716091954023","0.269287356321839","5.21111111111111","84.2210727969349","102","82","77"
"450","Cheslor Cuthbert","596144","0.340576859504132","0.305042975206612","12.2203305785124","88.4642975206611","213","230","162"
"451","Max Kepler","596146","0.342929930795848","0.329353806228374","12.8856401384083","89.065830449827","486","401","269"
"452","Maikel Franco","596748","0.349586163522013","0.353132075471698","10.7761006289308","88.883144654088","658","602","330"
"453","Ji-Man Choi","596847","0.38991452991453","0.390346153846154","11.8141025641026","89.7769230769231","85","85","64"
"454","Jackie Bradley Jr.","598265","0.394322727272727","0.387292424242424","10.5216666666667","89.7606060606061","499","534","287"
"455","Taylor Motter","600301","0.276449122807018","0.326631578947368","11.5975438596491","86.0912280701754","131","96","58"
"456","Tommy La Stella","600303","0.329117647058824","0.334239819004525","12.389592760181","87.5117647058824","186","154","102"
"457","Jeimer Candelario","600869","0.369063655030801","0.33717864476386","14.7371663244353","87.1180698151951","198","172","117"
"458","Nick Ahmed","605113","0.319908035714286","0.302697321428571","10.3016964285714","85.4384821428571","423","419","278"
"459","Brian Anderson","605119","0.369217307692308","0.371675","8.67730769230769","89.8771153846154","181","211","128"
"460","Cody Asche","605125","0.342840404040404","0.362129292929293","14.9478787878788","86.2119191919192","223","173","99"
"461","Austin Barnes","605131","0.335987745098039","0.328482843137255","9.34730392156863","87.4875","137","175","96"
"462","Josh Bell","605137","0.363373684210526","0.366013684210526","8.60452631578947","88.6457894736842","319","339","292"
"463","Mookie Betts","605141","0.39694912923923","0.375160403299725","14.7547662694775","90.0074243813016","848","875","459"
"464","Joe Panik","605412","0.316208464939987","0.322840176879343","11.1502210991788","85.7716361339229","536","595","452"
"465","Mallex Smith","605480","0.361346521145975","0.286682128240109","1.57639836289222","81.3174624829468","206","294","233"
"466","Cory Spangenberg","605486","0.386761118170267","0.343822109275731","4.90266836086404","84.343583227446","275","291","221"
"467","Kelby Tomlinson","605509","0.32841717791411","0.302969325153374","3.31329243353783","82.9259713701431","114","200","175"
"468","Preston Tucker","605512","0.352693333333333","0.34432","11.2546666666667","89.7373333333333","168","180","102"
"469","Bradley Zimmer","605548","0.392049056603774","0.390690566037736","6.08264150943396","86.5162264150943","72","122","71"
"470","Orlando Arcia","606115","0.33965577596266","0.307820303383897","5.30338389731622","85.7175029171528","254","384","219"
"471","Teoscar Hernandez","606192","0.451579185520362","0.442764705882353","16.5588235294118","90.8877828054299","170","164","108"
"472","Jose Peraza","606299","0.324759607522486","0.314839738348324","11.6439084219133","83.0591986917416","372","502","349"
"473","Ketel Marte","606466","0.336310286677909","0.314693929173693","5.6004215851602","86.1715008431703","422","489","275"
"474","Brandon Nimmo","607043","0.441755364806867","0.399081545064378","10.2980686695279","89.1899141630901","183","161","122"
"475","Jace Peterson","607054","0.315882647943832","0.328721163490471","6.2900702106319","86.0649949849549","347","374","276"
"476","Trea Turner","607208","0.391403074295474","0.356380871050384","8.3265584970111","88.2685738684885","419","476","276"
"477","Kevan Smith","607345","0.328140350877193","0.329","3.08070175438596","86.3877192982456","112","168","119"
"478","Tyler Collins","607385","0.361684057971014","0.354127536231884","14.2115942028986","88.5214492753623","134","111","100"
"479","Ryan Rua","607387","0.39670725388601","0.369953367875648","10.9240932642487","88.3492227979275","149","153","84"
"480","Kevin Pillar","607680","0.333653353814644","0.32799897593446","12.8088069636457","85.6856118791603","732","701","520"
"481","Mac Williamson","607776","0.370150943396226","0.365962264150943","6.2688679245283","88.3292452830189","90","70","52"
"482","T.J. Rivera","608061","0.366637010676157","0.321327402135231","14.117793594306","84.7241992882562","109","117","55"
"483","Jose Ramirez","608070","0.370367639257294","0.343979310344828","14.3592042440318","87.7288594164456","785","669","431"
"484","Alex Bregman","608324","0.389630363036304","0.370461221122112","16.7994224422442","88.3366336633663","504","451","257"
"485","Joey Gallo","608336","0.518610281923715","0.552913764510779","21.6131011608624","93.2610281923715","290","190","123"
"486","Addison Russell","608365","0.361626436781609","0.344942528735632","14.1097701149425","86.805316091954","518","526","348"
"487","Corey Seager","608369","0.423883025505717","0.449532981530343","10.2766930518909","90.498944591029","370","446","321"
"488","Nick Williams","608384","0.421593023255814","0.4205","9.18062015503876","88.356976744186","162","212","142"
"489","Jesse Winker","608385","0.389029850746269","0.381417910447761","11.4832835820896","89.4244776119403","119","139","77"
"490","Nomar Mazara","608577","0.370089344262295","0.379600819672131","8.47049180327869","89.1125409836066","399","505","316"
"491","Ronald Guzman","608597","0.399389513108614","0.36823595505618","14.2977528089888","86.5692883895131","93","106","68"
"492","Travis Jankowski","608671","0.32981616481775","0.283654516640254","0.416006339144215","83.2174326465927","165","257","209"
"493","Kevin Plawecki","608700","0.307624299065421","0.322170093457944","8.84654205607477","86.8506542056075","204","212","119"
"494","Rob Refsnyder","608701","0.279412969283276","0.333447098976109","6.25870307167236","88.1027303754266","95","126","72"
"495","Adalberto Mondesi","609275","0.397466666666667","0.381181818181818","8.67","84.9927272727273","138","127","65"
"496","Miguel Andujar","609280","0.415159595959596","0.361470707070707","11.6161616161616","89.2325252525252","208","175","112"
"497","Adonis Garcia","611177","0.347122994652406","0.373647058823529","7.61390374331551","88.6588235294118","248","312","188"
"498","Daniel Robertson","621002","0.367847887323944","0.337383098591549","7.97943661971831","86.156338028169","114","145","96"
"499","Dansby Swanson","621020","0.343671856287425","0.332411976047904","10.4962874251497","87.022874251497","313","302","220"
"500","Chris Taylor","621035","0.421257328990228","0.400540716612378","13.614657980456","87.3801302931596","315","342","264"
"501","Carlos Correa","621043","0.410780241935484","0.409711021505376","9.06686827956989","89.9713709677419","475","576","437"
"502","David Dahl","621311","0.454751412429378","0.380765536723164","12.2378531073446","88.256779661017","130","141","83"
"503","Byron Buxton","621439","0.392168949771689","0.334467275494673","12.1576864535769","84.955403348554","283","239","135"
"504","Lewis Brinson","621446","0.319571428571429","0.382098639455782","6.82210884353741","89.3020408163265","119","117","58"
"505","Joey Wendle","621563","0.367628282828283","0.333551515151515","9.51919191919192","88.929494949495","162","194","139"
"506","Matt Olson","621566","0.429151408450704","0.444239436619718","17.5394366197183","92.5042253521127","250","188","130"
"507","Matt Duffy","622110","0.348198305084746","0.340063559322034","6.07779661016949","87.2172033898305","311","472","397"
"508","Yairo Munoz","622168","0.385526785714286","0.335584821428571","4.43035714285714","87.1808035714286","75","92","57"
"509","Bruce Maxwell","622194","0.33890036900369","0.37529889298893","5.71992619926199","89.0162361623616","74","114","83"
"510","Manuel Margot","622534","0.339242312423124","0.32610455104551","10.4025830258303","86.7447724477245","232","353","228"
"511","Johan Camargo","622666","0.392802491103203","0.349756227758007","11.3613879003559","87.8503558718861","195","227","140"
"512","Michael Conforto","624424","0.421639455782313","0.42343537414966","13.3218658892128","89.3488824101069","393","368","268"
"513","Adam Frazier","624428","0.350905533063428","0.340940620782726","9.43427800269906","86.3541160593792","229","272","240"
"514","Yasiel Puig","624577","0.384259344012204","0.374881769641495","11.5545385202136","89.1211289092296","496","511","304"
"515","Jorge Soler","624585","0.411621165644172","0.410115030674847","13.229754601227","90.3342024539877","276","247","129"
"516","Rusney Castillo","628329","0.328884955752212","0.289911504424779","0.471681415929204","88.0221238938053","72","94","60"
"517","Guillermo Heredia","628338","0.297993855606759","0.292821812596006","9.03671274961598","83.1906298003072","220","242","189"
"518","Jung Ho Kang","628356","0.419142355008787","0.417676625659051","8.57768014059754","90.2425307557118","234","211","124"
"519","Yasmany Tomas","630111","0.419601977750309","0.405739184177998","7.78776266996292","90.2079110012361","274","298","237"
"520","Phillip Ervin","640447","0.380902912621359","0.34921359223301","15.9456310679612","85.0446601941748","72","72","62"
"521","Chad Pinder","640461","0.413841986455982","0.460164785553047","12.5160270880361","89.8273137697517","145","187","111"
"522","Tim Anderson","641313","0.387674196350999","0.352991311902693","7.92884448305821","85.6875760208514","436","442","273"
"523","Carlos Asuaje","641319","0.317509900990099","0.314871287128713","13.495297029703","84.4757425742574","153","153","98"
"524","Cody Bellinger","641355","0.444954712362301","0.411243574051408","16.3488372093023","89.4670746634027","336","295","186"
"525","Hunter Dozier","641531","0.374792452830189","0.395981132075472","13.1924528301887","89.0452830188679","104","88","73"
"526","Adam Engel","641553","0.330588","0.300106","11.924","82.8932","195","176","129"
"527","Mitch Garver","641598","0.374513307984791","0.354399239543726","12.2627376425856","88.5688212927757","91","100","72"
"528","Trey Mancini","641820","0.408801643192488","0.418069248826291","6.30974178403756","89.3164319248826","267","356","229"
"529","Dominic Smith","642086","0.370432558139535","0.389120930232558","13.0725581395349","88.7223255813954","75","89","51"
"530","Pat Valaika","642162","0.36949377593361","0.327933609958506","14.1688796680498","83.4970954356846","80","99","62"
"531","Amed Rosario","642708","0.352012567324955","0.326034111310592","7.2149012567325","86.6777378815081","156","254","147"
"532","Willy Adames","642715","0.43390306122449","0.361","8.63673469387755","86.4545918367347","67","74","55"
"533","Andrew Benintendi","643217","0.375806010928962","0.364483606557377","13.6062841530055","87.590072859745","363","425","310"
"534","Tony Kemp","643393","0.319484419263456","0.271495750708215","11.2915014164306","83.1951841359773","137","131","85"
"535","Isiah Kiner-Falefa","643396","0.32022","0.29356","6.066","83.802","102","108","90"
"536","Jeff McNeil","643446","0.381482926829268","0.325546341463415","13.9936585365854","85.2004878048781","67","76","62"
"537","Tyler White","643603","0.392725","0.36263","16.66625","88.5445","146","147","107"
"538","Ozzie Albies","645277","0.3642","0.338223448275862","15.2910344827586","86.3486896551724","270","283","172"
"539","Rafael Devers","646240","0.409851428571429","0.370192380952381","9.7112380952381","90.132380952381","156","230","139"
"540","Aledmys Diaz","649557","0.358810810810811","0.330038461538462","12.4168399168399","87.8746361746362","432","333","197"
"541","Gleyber Torres","650402","0.429820121951219","0.415207317073171","18.2335365853659","88.7817073170732","127","122","79"
"542","Greg Allen","656185","0.324423236514523","0.322804979253112","6.5941908713693","84.6597510373444","86","90","65"
"543","Matt Chapman","656305","0.438149671052632","0.399662828947368","16.2861842105263","92.0526315789474","219","236","153"
"544","Rhys Hoskins","656555","0.435552875695733","0.41378107606679","21.4779220779221","89.3788497217069","254","177","108"
"545","Kyle Schwarber","656941","0.445879738562092","0.453492810457516","14.6322875816993","90.0281045751634","312","277","176"
"546","Paul DeJong","657557","0.434864379084967","0.418437908496732","18.7080065359477","87.9093137254902","261","205","146"
"547","Yoan Moncada","660162","0.429593561368209","0.400086519114688","14.1555331991952","90.0619718309859","190","180","127"
"548","Shohei Ohtani","660271","0.517057777777778","0.495613333333333","12.2986666666667","92.5773333333333","76","94","55"
"549","Ronald Acuna Jr.","660670","0.488450617283951","0.458259259259259","12.9117283950617","90.8925925925926","122","136","66"
"550","Ian Happ","664023","0.47758064516129","0.454660215053763","13.4501075268817","89.0425806451613","179","163","123"
"551","Harrison Bader","664056","0.414546583850932","0.35660248447205","11.6223602484472","85.9347826086957","126","118","78"
"552","David Fletcher","664058","0.308278431372549","0.303364705882353","12.8454901960784","83.3745098039216","104","89","62"
"553","Scott Kingery","664068","0.329196374622357","0.336640483383686","16.8752265861027","85.5154078549849","114","138","79"
"554","Juan Soto","665742","0.449604430379747","0.40979746835443","5.5373417721519","89.3569620253164","103","128","85"
"555","Lourdes Gurriel Jr.","666971","0.402419689119171","0.39879792746114","10.3637305699482","90.2227979274611","81","61","51"
